{
    "caffe flavor": "NVIDIA",
    "caffe version": "0.15.14",
    "creation time": "2018-01-21 12:24:09.291135",
    "dataset_id": "20180121-114744-5e14",
    "deploy file": "deploy.prototxt",
    "digits version": "6.0.0",
    "framework": "caffe",
    "id": "20180121-122409-eaed",
    "image dimensions": [
        256,
        256,
        3
    ],
    "image resize mode": "squash",
    "job id": "20180121-122409-eaed",
    "labels file": "labels.txt",
    "mean file": "mean.binaryproto",
    "model file": "original.prototxt",
    "name": "Google Le Net sgd",
    "snapshot file": "snapshot_iter_1185.caffemodel",
    "solver file": "solver.prototxt",
    "status": "Done",
    "train_val file": "train_val.prototxt",
    "username": "priteshgudge"
}